ROW_NUMBER,TERM_CODE,SUBJ_CODE,CRSE_NUMB,CRSE_TITLE,CRSE_EQUIV,CRSE_TEXT,NOTE_ROW,CRN,PTRM_CODE,SEQ_NUMB,SCHD_CODE,SCHD_TYPE,SCHD_SORT,CREDIT_HRS,LINK_CONN,START_DATE,END_DATE,SUNDAYS,MONDAYS,TUESDAYS,WEDNESDAYS,THURSDAYS,FRIDAYS,SATURDAYS,TIMES,LOCATIONS,MAX_ENRL,ENRL,SEATS,WLIST,PERC_FULL,XLIST_MAX,XLIST_CUR,INSTRUCTORS,TUITION_CODE,TUITION_DESC,BILL_HRS,NOTE_BOTTOM,NOTES_SKILL,CRSE_ROW_NUM,CRSE_ROW_TOTAL
1,202620,CSCI,1105,Intro to Computer Programming,,,R ,20698,1,01,L,Lec,1,3,B0,07-JAN-2026,09-APR-2026,,,T,,R,,,1305-1425,Studley KENNETH C ROWE MANAGEMENT 1007,50,38,12,,  76.0%,,,Poitras E. ,,,3,Students should not register for CSCI 1105 and CSCI 1110 in the same term. ,[],1,109
2,202620,CSCI,1105,Intro to Computer Programming,,,S ,20699,1,90,L,Lec,1,3,,07-JAN-2026,09-APR-2026,,,,,,,,C/D,Consult Department,15,0,15,,   0.0%,,,Staff,,,0,This section is restricted to students who are part of the Dal-UCL pathway program. ,[],1,109
3,202620,CSCI,1105,Intro to Computer Programming,,,,20700,1,B01,B,Lab,2,0,L0,07-JAN-2026,09-APR-2026,,,,,,F,,1135-1255,Studley MONA CAMPBELL BUILDING 1201,50,38,12,,  76.0%,,,Staff,,,0,,[],1,109
4,202620,CSCI,1107,Social Computing,,,S ,20701,1,90,L,Lec,1,3,,07-JAN-2026,09-APR-2026,,,,,,,,C/D,Consult Department,15,0,15,,   0.0%,,,Staff,,,0,This section is restricted to students who are part of the Dal-UCL pathway program. ,[],2,109
5,202620,CSCI,1108,Experimental Robotics,,,R ,20702,1,01,L,Lec,1,3,B0,07-JAN-2026,09-APR-2026,,,,W,,F,,1005-1125,Studley KENNETH C ROWE MANAGEMENT 1014,60,16,44,,  26.7%,,,Sajjad H. ,,,3,,[],3,109
6,202620,CSCI,1108,Experimental Robotics,,,,20703,1,B01,B,Lab,2,0,L0,07-JAN-2026,09-APR-2026,,,T,,R,,,1435-1555,Studley GOLDBERG COMPUTER SCIENCE BLDG 134,60,16,44,,  26.7%,,,Staff,,,0,,[],3,109
7,202620,CSCI,1109,Practical Data Science,,,R ,20704,1,01,L,Lec,1,3,B0,07-JAN-2026,09-APR-2026,,M,,W,,,,1135-1255,Studley CHEMISTRY 125,50,22,28,,  44.0%,,,Marchand Y. ,,,3,,[],4,109
8,202620,CSCI,1109,Practical Data Science,,,R ,20705,1,02,L,Lec,1,3,B0,07-JAN-2026,09-APR-2026,,,T,,R,,,0835-0955,Studley LSC-COMMON AREA C208,50,8,42,,  16.0%,,,Rudzicz F. ,,,3,,[],4,109
9,202620,CSCI,1109,Practical Data Science,,,S ,20706,1,90,L,Lec,1,3,,07-JAN-2026,09-APR-2026,,,,,,,,C/D,Consult Department,15,0,15,,   0.0%,,,Staff,,,0,This section is restricted to students who are part of the Dal-UCL pathway program. ,[],4,109
10,202620,CSCI,1109,Practical Data Science,,,,20707,1,B01,B,Lab,2,0,L0,07-JAN-2026,09-APR-2026,,,T,,,,,1435-1555,Studley MONA CAMPBELL BUILDING 1201,50,6,44,,  12.0%,,,Staff,,,0,,[],4,109
11,202620,CSCI,1109,Practical Data Science,,,,20708,1,B02,B,Lab,2,0,L0,07-JAN-2026,09-APR-2026,,,,,R,,,1135-1255,Studley MONA CAMPBELL BUILDING 1201,50,24,26,,  48.0%,,,Staff,,,0,,[],4,109
12,202620,CSCI,1110,Intro to Computer Science,,,R ,20711,1,01,L,Lec,1,3,B0,07-JAN-2026,09-APR-2026,,,T,,R,,,1305-1425,Studley GOLDBERG COMPUTER SCIENCE BLDG 127,100,87,13,-1,  87.0%,,,Tang Y. ,,,3,Students not familiar with programming in Java should consider enrolling in CSCI 1105 before CSCI 1110. ,[],5,109
13,202620,CSCI,1110,Intro to Computer Science,,,R ,20712,1,02,L,Lec,1,3,B0,07-JAN-2026,09-APR-2026,,,T,,R,,,0835-0955,Studley LSC-COMMON AREA C220,45,36,9,0,  80.0%,,,Shakeri H. ,,,3,,[],5,109
14,202620,CSCI,1110,Intro to Computer Science,,,S R ,20713,1,40,L,Lec,1,3,B2,07-JAN-2026,09-APR-2026,,,T,,R,,,1435-1555,Agricultural BANTING BUILDING 32,15,7,8,0,  46.7%,,,Farion C. ,,,3,,[],5,109
15,202620,CSCI,1110,Intro to Computer Science,,,S ,20714,1,90,L,Lec,1,3,,07-JAN-2026,09-APR-2026,,,,,,,,C/D,Consult Department,15,1,14,,   6.7%,,,Wijethunga R. ,,,0,This section is restricted to students who are part of the Dal-UCL pathway program. ,[],5,109
16,202620,CSCI,1110,Intro to Computer Science,,,,20715,1,B01,B,Lab,2,0,L0,07-JAN-2026,09-APR-2026,,,,W,,,,1305-1425,Studley GOLDBERG COMPUTER SCIENCE BLDG 134,60,40,20,0,  66.7%,,,Staff,,,0,,[],5,109
17,202620,CSCI,1110,Intro to Computer Science,,,,20717,1,B03,B,Lab,2,0,L0,07-JAN-2026,09-APR-2026,,,,W,,,,1435-1555,Studley GOLDBERG COMPUTER SCIENCE BLDG 134,60,53,7,0,  88.3%,,,Staff,,,0,,[],5,109
18,202620,CSCI,1110,Intro to Computer Science,,,,20718,1,B04,B,Lab,2,0,L0,07-JAN-2026,09-APR-2026,,,,W,,,,1435-1555,Studley GOLDBERG COMPUTER SCIENCE BLDG 143,60,30,30,0,  50.0%,,,Staff,,,0,,[],5,109
19,202620,CSCI,1110,Intro to Computer Science,,,S ,20719,1,B40,B,Lab,2,0,L2,07-JAN-2026,09-APR-2026,,M,,,,,,1435-1555,Agricultural AGRICULTURAL COX INSTITUTE 121,15,7,8,0,  46.7%,,,Farion C. ,,,0,,[],5,109
20,202620,CSCI,1120,Intro to Computer Systems,,,,20721,1,02,L,Lec,1,3,,07-JAN-2026,09-APR-2026,,M,,W,,F,,0935-1025,Studley LSC-PSYCHOLOGY P5260,100,110,-10,-3,WLIST,,,DeGagne C. ,,,3,,[],6,109
21,202620,CSCI,1120,Intro to Computer Systems,,,S ,20722,1,90,L,Lec,1,3,,07-JAN-2026,09-APR-2026,,,,,,,,C/D,Consult Department,15,1,14,,   6.7%,,,Wickramasinghe M. ,,,0,This section is restricted to students who are part of the Dal-UCL pathway program. ,[],6,109
22,202620,CSCI,1170,Intro to Web Design & Devel.,,,R ,20724,1,01,L,Lec,1,3,B0,07-JAN-2026,09-APR-2026,,M,,W,,,,0835-0955,Studley MCCAIN ARTS&SS 2130,35,15,20,0,  42.9%,,,Wehbe R. ,,,3,,[],7,109
23,202620,CSCI,1170,Intro to Web Design & Devel.,,,R ,20725,1,02,L,Lec,1,3,B0,07-JAN-2026,09-APR-2026,,M,,W,,,,1135-1255,Studley LSC-PSYCHOLOGY P5260,120,68,52,0,  56.7%,,,Yang L. ,,,3,,[],7,109
24,202620,CSCI,1170,Intro to Web Design & Devel.,,,S R ,20726,1,40,L,Lec,1,3,B2,07-JAN-2026,09-APR-2026,,,T,,R,,,1305-1425,Agricultural AGRICULTURAL COX INSTITUTE 180,15,6,9,0,  40.0%,,,Farion C. ,,,3,,[],7,109
25,202620,CSCI,1170,Intro to Web Design & Devel.,,,S ,20727,1,90,L,Lec,1,3,,07-JAN-2026,09-APR-2026,,,,,,,,C/D,Consult Department,15,1,14,,   6.7%,,,Hettiarachchi R. ,,,0,This section is restricted to students who are part of the Dal-UCL pathway program. ,[],7,109
26,202620,CSCI,1170,Intro to Web Design & Devel.,,,,20728,1,B01,B,Lab,2,0,L0,07-JAN-2026,09-APR-2026,,,,,,F,,1435-1625,Carleton COLLABORATIVE HEALTH EDUC BLDG C170,120,64,56,0,  53.3%,,,Staff,,,0,,[],7,109
27,202620,CSCI,1170,Intro to Web Design & Devel.,,,,20729,1,B02,B,Lab,2,0,L0,07-JAN-2026,09-APR-2026,,M,,,,,,1735-1925,Studley SIR JAMES DUNN BUILDING 221C,35,19,16,0,  54.3%,,,Staff,,,0,,[],7,109
28,202620,CSCI,1170,Intro to Web Design & Devel.,,,S ,20730,1,B40,B,Lab,2,0,L2,07-JAN-2026,09-APR-2026,,,T,,,,,1005-1125,Agricultural AGRICULTURAL COX INSTITUTE 157,15,6,9,0,  40.0%,,,Farion C. ,,,0,,[],7,109
29,202620,CSCI,1300,Calculus in Computer Science,,,,20731,1,01,L,Lec,1,3,T0,07-JAN-2026,09-APR-2026,,M,T,,R,,,1035-1125,Studley SIR JAMES DUNN BUILDING 304,60,26,34,0,  43.3%,,,DeGagne C. ,,,3,,[],8,109
30,202620,CSCI,1300,Calculus in Computer Science,,,S ,20732,1,90,L,Lec,1,3,,07-JAN-2026,09-APR-2026,,,,,,,,C/D,Consult Department,15,0,15,,   0.0%,,,Staff,,,0,This section is restricted to students who are part of the Dal-UCL pathway program. ,[],8,109
31,202620,CSCI,1300,Calculus in Computer Science,,,,20733,1,T01,T,Tut,3,0,L0,07-JAN-2026,09-APR-2026,,,T,,,,,1605-1725,Studley GOLDBERG COMPUTER SCIENCE BLDG 134,60,26,34,0,  43.3%,,,Staff,,,0,,[],8,109
32,202620,CSCI,1315,Discrete Math for CS,,,,20734,1,01,L,Lec,1,3,T0,07-JAN-2026,09-APR-2026,,M,,W,,F,,1335-1425,Carleton DENTISTRY 3156,120,97,23,0,  80.8%,,,Kiefte K. ,,,3,"This course is primarily reserved for first year students. If you are not a first year student, please contact undergrad@cs.dal.ca for permission to register. ",[],9,109
33,202620,CSCI,1315,Discrete Math for CS,,,S ,20735,1,90,L,Lec,1,3,,07-JAN-2026,09-APR-2026,,,,,,,,C/D,Consult Department,15,0,15,,   0.0%,,,Staff,,,0,This section is restricted to students who are part of the Dal-UCL pathway program. ,[],9,109
34,202620,CSCI,1315,Discrete Math for CS,,,,20736,1,T01,T,Tut,3,0,L0,07-JAN-2026,09-APR-2026,,,T,,,,,1605-1725,Studley GOLDBERG COMPUTER SCIENCE BLDG 143,60,37,23,0,  61.7%,,,Staff,,,0,,[],9,109
35,202620,CSCI,1315,Discrete Math for CS,,,,20737,1,T02,T,Tut,3,0,L0,07-JAN-2026,09-APR-2026,,,T,,,,,1135-1255,Studley GOLDBERG COMPUTER SCIENCE BLDG 134,60,60,0,0,WLIST,,,Staff,,,0,,[],9,109
36,202620,CSCI,1503,Programming for Business,,,R ,20739,1,01,L,Lec,1,3,B0,07-JAN-2026,09-APR-2026,,M,,W,,,,1135-1255,Studley KENNETH C ROWE MANAGEMENT 1014,60,18,42,0,  30.0%,,,MacKay B. ,,,3,,[],10,109
37,202620,CSCI,1503,Programming for Business,,,,20740,1,B01,B,Lab,2,0,L0,07-JAN-2026,09-APR-2026,,M,,,,,,1435-1555,Studley GOLDBERG COMPUTER SCIENCE BLDG 143,60,18,42,,  30.0%,,,Staff,,,0,,[],10,109
38,202620,CSCI,1615,Concepts in Computing,,,S ,20741,1,90,L,Lec,1,3,,07-JAN-2026,09-APR-2026,,,,,,,,C/D,Consult Department,15,0,15,,   0.0%,,,Staff,,,0,This section is restricted to students who are part of the Dal-UCL pathway program. ,[],11,109
39,202620,CSCI,1616,Applications in Computing,,,S ,20742,1,90,L,Lec,1,3,,07-JAN-2026,09-APR-2026,,,,,,,,C/D,Consult Department,15,0,15,,   0.0%,,,Staff,,,0,This section is restricted to students who are part of the Dal-UCL pathway program. ,[],12,109
40,202620,CSCI,2100,Workplace Comm for CS,,,,20743,1,01,L,Lec,1,3,T0,07-JAN-2026,09-APR-2026,,,T,,R,,,1605-1725,Studley GOLDBERG COMPUTER SCIENCE BLDG 127,120,79,41,0,  65.8%,,,Goudreault M. ,,,3,,[],13,109
41,202620,CSCI,2100,Workplace Comm for CS,,,S ,20744,1,90,L,Lec,1,3,,07-JAN-2026,09-APR-2026,,,,,,,,C/D,Consult Department,15,0,15,,   0.0%,,,Udawatte M. (P)<br>Hasara M. ,,,0,This section is restricted to students who are part of the Dal-UCL pathway program. ,[],13,109
42,202620,CSCI,2100,Workplace Comm for CS,,,,20745,1,T01,T,Tut,3,0,L0,07-JAN-2026,09-APR-2026,,,,,R,,,1005-1125,Studley GOLDBERG COMPUTER SCIENCE BLDG 134,120,79,41,0,  65.8%,,,Goudreault M. ,,,0,,[],13,109
43,202620,CSCI,2110,Data Structures and Algorithms,,,,20748,1,01,L,Lec,1,3,B0,07-JAN-2026,09-APR-2026,,M,,W,,F,,1635-1725,Studley GOLDBERG COMPUTER SCIENCE BLDG 127,120,109,11,0,  90.8%,,,Sampalli S. ,,,3,,[],14,109
44,202620,CSCI,2110,Data Structures and Algorithms,,,S ,20749,1,90,L,Lec,1,3,,07-JAN-2026,09-APR-2026,,,,,,,,C/D,Consult Department,15,0,15,,   0.0%,,,Staff,,,0,This section is restricted to students who are part of the Dal-UCL pathway program. ,[],14,109
45,202620,CSCI,2110,Data Structures and Algorithms,,,,20750,1,B01,B,Lab,2,0,L0,07-JAN-2026,09-APR-2026,,,T,,,,,1005-1125,Studley GOLDBERG COMPUTER SCIENCE BLDG 143,60,59,1,0,  98.3%,,,Staff,,,0,,[],14,109
46,202620,CSCI,2110,Data Structures and Algorithms,,,,20751,1,B02,B,Lab,2,0,L0,07-JAN-2026,09-APR-2026,,,,W,,,,0835-0955,Studley GOLDBERG COMPUTER SCIENCE BLDG 143,60,50,10,0,  83.3%,,,Staff,,,0,,[],14,109
47,202620,CSCI,2113,Discrete Structures II,202620-MATH-2113,,,20752,1,01,L,Lec,1,3,,07-JAN-2026,09-APR-2026,,M,,W,,F,,1435-1525,Studley SIR JAMES DUNN BUILDING 221C,5,5,0,,FULL,35,14,Brown J. ,,,3,,[],15,109
48,202620,CSCI,2115,Theory of Computer Science,,,,20753,1,01,L,Lec,1,3,T0,07-JAN-2026,09-APR-2026,,,T,,R,,,0835-0955,Studley LSC-COMMON AREA C240,120,73,47,0,  60.8%,,,DeGagne C. ,,,3,,[],16,109
49,202620,CSCI,2115,Theory of Computer Science,,,S ,20754,1,90,L,Lec,1,3,,07-JAN-2026,09-APR-2026,,,,,,,,C/D,Consult Department,15,1,14,,   6.7%,,,Rathnayake P. ,,,0,This section is restricted to students who are part of the Dal-UCL pathway program. ,[],16,109
50,202620,CSCI,2115,Theory of Computer Science,,,,20755,1,T01,T,Tut,3,0,L0,07-JAN-2026,09-APR-2026,,M,,,,,,1435-1555,Studley LSC-COMMON AREA C240,120,73,47,0,  60.8%,,,Staff,,,0,,[],16,109
51,202620,CSCI,2122,Systems Programming,,,,20756,1,01,L,Lec,1,3,B0,07-JAN-2026,09-APR-2026,,M,,W,,,,1135-1255,Studley GOLDBERG COMPUTER SCIENCE BLDG 127,120,102,18,0,  85.0%,,,Kalyaniwalla N. ,,,3,,[],17,109
52,202620,CSCI,2122,Systems Programming,,,S ,20758,1,90,L,Lec,1,3,,07-JAN-2026,09-APR-2026,,,,,,,,C/D,Consult Department,15,1,14,,   6.7%,,,Wijenayake U. ,,,0,This section is restricted to students who are part of the Dal-UCL pathway program. ,[],17,109
53,202620,CSCI,2122,Systems Programming,,,,20761,1,B03,B,Lab,2,0,L0,07-JAN-2026,09-APR-2026,,,,W,,,,1005-1125,Studley GOLDBERG COMPUTER SCIENCE BLDG 134,60,52,8,0,  86.7%,,,Staff,,,0,,[],17,109
54,202620,CSCI,2122,Systems Programming,,,,20762,1,B04,B,Lab,2,0,L0,07-JAN-2026,09-APR-2026,,M,,,,,,1305-1425,Studley GOLDBERG COMPUTER SCIENCE BLDG 134,60,50,10,0,  83.3%,,,Staff,,,0,,[],17,109
55,202620,CSCI,2134,Software Development,,,,20763,1,01,L,Lec,1,3,B0,07-JAN-2026,09-APR-2026,,,,W,,F,,1435-1555,Studley CHEMISTRY 125,100,51,49,0,  51.0%,,,Whidden C. ,,,3,,[],18,109
56,202620,CSCI,2134,Software Development,,,,20764,1,02,L,Lec,1,3,B0,07-JAN-2026,09-APR-2026,,,T,,R,,,1435-1555,Studley GOLDBERG COMPUTER SCIENCE BLDG 127,100,68,32,0,  68.0%,,,McAllister M. ,,,3,,[],18,109
57,202620,CSCI,2134,Software Development,,,S ,20765,1,90,L,Lec,1,3,,07-JAN-2026,09-APR-2026,,,,,,,,C/D,Consult Department,15,0,15,,   0.0%,,,Staff,,,0,This section is restricted to students who are part of the Dal-UCL pathway program. ,[],18,109
58,202620,CSCI,2134,Software Development,,,,20766,1,B01,B,Lab,2,0,L0,07-JAN-2026,09-APR-2026,,M,,,,,,1005-1125,Studley GOLDBERG COMPUTER SCIENCE BLDG 134,50,49,1,0,  98.0%,,,Staff,,,0,,[],18,109
59,202620,CSCI,2134,Software Development,,,,20767,1,B02,B,Lab,2,0,L0,07-JAN-2026,09-APR-2026,,M,,,,,,1005-1125,Studley GOLDBERG COMPUTER SCIENCE BLDG 143,50,37,13,0,  74.0%,,,Staff,,,0,,[],18,109
60,202620,CSCI,2134,Software Development,,,,20768,1,B03,B,Lab,2,0,L0,07-JAN-2026,09-APR-2026,,,,,,F,,0835-0955,Studley KENNETH C ROWE MANAGEMENT 1020,100,33,67,0,  33.0%,,,Staff,,,0,,[],18,109
61,202620,CSCI,2141,Intro to Database Systems,,,,20770,1,01,L,Lec,1,3,B0,07-JAN-2026,09-APR-2026,,,T,,R,,,1305-1425,Studley KENNETH C ROWE MANAGEMENT 1020,120,101,19,0,  84.2%,,,Aziz K. ,,,3,,[],19,109
62,202620,CSCI,2141,Intro to Database Systems,,,,20771,1,02,L,Lec,1,3,B0,07-JAN-2026,09-APR-2026,,,T,,R,,,1605-1725,Studley SIR JAMES DUNN BUILDING 101,82,39,43,0,  47.6%,,,Aziz K. ,,,3,,[],19,109
63,202620,CSCI,2141,Intro to Database Systems,,,S ,20772,1,90,L,Lec,1,3,,07-JAN-2026,09-APR-2026,,,,,,,,C/D,Consult Department,15,0,15,,   0.0%,,,Staff,,,0,This section is restricted to students who are part of the Dal-UCL pathway program. ,[],19,109
64,202620,CSCI,2141,Intro to Database Systems,,,,20774,1,B02,B,Lab,2,0,L0,07-JAN-2026,09-APR-2026,,,,,,F,,1305-1425,Studley MCCAIN ARTS&SS AUD-1,240,140,100,0,  58.3%,,,Staff,,,0,,[],19,109
65,202620,CSCI,2170,Intro to Server Side Scripting,,,,20777,1,01,L,Lec,1,3,T0,07-JAN-2026,09-APR-2026,,,,W,,F,,0835-0955,Studley KENNETH C ROWE MANAGEMENT 1009,80,79,1,-2,  98.8%,,,Sampangi R. ,,,3,,[],20,109
66,202620,CSCI,2170,Intro to Server Side Scripting,,,S ,20778,1,90,L,Lec,1,3,,07-JAN-2026,09-APR-2026,,,,,,,,C/D,Consult Department,15,0,15,,   0.0%,,,Staff,,,0,This section is restricted to students who are part of the Dal-UCL pathway program. ,[],20,109
67,202620,CSCI,2170,Intro to Server Side Scripting,,,,20779,1,T01,T,Tut,3,0,L0,07-JAN-2026,09-APR-2026,,M,,,,,,1435-1555,Carleton DENTISTRY 4116,80,79,1,-2,  98.8%,,,Staff,,,0,,[],20,109
68,202620,CSCI,2201,Introduction to Info Security,,,,20780,1,01,L,Lec,1,3,B0,07-JAN-2026,09-APR-2026,,,,W,,F,,1305-1425,Carleton TUPPER BLDG THTR B,120,89,31,0,  74.2%,,,Haque I. ,,,3,,[],21,109
69,202620,CSCI,2201,Introduction to Info Security,,,S ,20781,1,90,L,Lec,1,3,,07-JAN-2026,09-APR-2026,,,,,,,,C/D,Consult Department,15,0,15,,   0.0%,,,Staff,,,0,This section is restricted to students who are part of the Dal-UCL pathway program. ,[],21,109
70,202620,CSCI,2201,Introduction to Info Security,,,,20782,1,B01,B,Lab,2,0,L0,07-JAN-2026,09-APR-2026,,M,,,,,,1305-1425,Studley GOLDBERG COMPUTER SCIENCE BLDG 143,60,58,2,0,  96.7%,,,Staff,,,0,,[],21,109
71,202620,CSCI,2201,Introduction to Info Security,,,,20783,1,B02,B,Lab,2,0,L0,07-JAN-2026,09-APR-2026,,,,W,,,,1005-1125,Studley GOLDBERG COMPUTER SCIENCE BLDG 143,60,31,29,0,  51.7%,,,Staff,,,0,,[],21,109
72,202620,CSCI,2202,Intro to Programming w/ applic,,,,20784,1,01,L,Lec,1,3,B0,07-JAN-2026,09-APR-2026,,,,,,F,,1135-1255,Studley GOLDBERG COMPUTER SCIENCE BLDG 127,80,29,51,,  36.3%,,,Kalyaniwalla N. ,,,3,,[],22,109
73,202620,CSCI,2202,Intro to Programming w/ applic,,,,20785,1,B01,B,Lab,2,0,L0,07-JAN-2026,09-APR-2026,,M,,W,,,,1305-1425,Studley SIR JAMES DUNN BUILDING 301A,40,12,28,,  30.0%,,,Staff,,,0,,[],22,109
74,202620,CSCI,2202,Intro to Programming w/ applic,,,,20786,1,B02,B,Lab,2,0,L0,07-JAN-2026,09-APR-2026,,M,,W,,,,1135-1255,Studley SIR JAMES DUNN BUILDING 301A,40,17,23,,  42.5%,,,Staff,,,0,,[],22,109
75,202620,CSCI,2203,Data Science for Everyone,,,,20787,1,01,L,Lec,1,3,,07-JAN-2026,09-APR-2026,,,T,,R,,,1305-1425,Studley LSC-PSYCHOLOGY P5260,120,115,5,,  95.8%,,,Marchand Y. ,,,3,,[],23,109
76,202620,CSCI,2203,Data Science for Everyone,,,,20788,1,02,L,Lec,1,3,,07-JAN-2026,09-APR-2026,,,T,,R,,,1605-1725,Studley SIR JAMES DUNN BUILDING 304,60,52,8,,  86.7%,,,Marchand Y. ,,,3,,[],23,109
77,202620,CSCI,2204,Soc Med & Content for Everyone,,,,20789,1,01,L,Lec,1,3,B0,07-JAN-2026,09-APR-2026,,,T,,,,,1005-1125,Studley GOLDBERG COMPUTER SCIENCE BLDG 134,60,47,13,,  78.3%,,,Evans R. ,,,3,,[],24,109
78,202620,CSCI,2204,Soc Med & Content for Everyone,,,,20790,1,B01,B,Lab,2,0,L0,07-JAN-2026,09-APR-2026,,,T,,,,,1305-1425,Studley MONA CAMPBELL BUILDING 1108,60,47,13,,  78.3%,,,Staff,,,0,,[],24,109
79,202620,CSCI,2360,Probability & Stats for CS,,,,20791,1,01,L,Lec,1,3,B0,07-JAN-2026,09-APR-2026,<br>,<br>,T<br>,<br>,R<br>,<br>F,<br>,1435-1525<br>1035-1125,Studley LSC-COMMON AREA C332<br>Studley LSC-COMMON AREA C332,59,16,43,0,  27.1%,,,Arnold D. ,,,3,,[],25,109
80,202620,CSCI,2360,Probability & Stats for CS,,,S ,20792,1,90,L,Lec,1,3,,07-JAN-2026,09-APR-2026,,,,,,,,C/D,Consult Department,15,0,15,,   0.0%,,,Staff,,,0,This section is restricted to students who are part of the Dal-UCL pathway program. ,[],25,109
81,202620,CSCI,2360,Probability & Stats for CS,,,,20794,1,B02,B,Lab,2,0,L0,07-JAN-2026,09-APR-2026,,,,,R,,,1135-1255,Studley GOLDBERG COMPUTER SCIENCE BLDG 143,59,16,43,0,  27.1%,,,Staff,,,0,,[],25,109
82,202620,CSCI,2690,Intro to Software Projects,,,,20795,1,01,L,Lec,1,3,,07-JAN-2026,09-APR-2026,,,T,,R,,,1005-1125,Studley SIR JAMES DUNN BUILDING 101,80,43,37,0,  53.8%,,,Ralph P. ,,,3,,[],26,109
83,202620,CSCI,2690,Intro to Software Projects,,,S ,20796,1,90,L,Lec,1,3,,07-JAN-2026,09-APR-2026,,,,,,,,C/D,Consult Department,15,0,15,,   0.0%,,,Godapitiya V. ,,,0,This section is restricted to students who are part of the Dal-UCL pathway program. ,[],26,109
84,202620,CSCI,2691,Introductory Project,,,,20797,1,01,L,Lec,1,3,,07-JAN-2026,09-APR-2026,,,,W,,F,,1135-1255,Carleton COLLABORATIVE HEALTH EDUC BLDG C170,80,65,15,-2,  81.3%,200,156,Dey S. (P)<br>Wehbe R. ,,,3,,[],27,109
85,202620,CSCI,2691,Introductory Project,,,S ,20798,1,90,L,Lec,1,3,,07-JAN-2026,09-APR-2026,,,,,,,,C/D,Consult Department,15,0,15,,   0.0%,,,Staff,,,0,This section is restricted to students who are part of the Dal-UCL pathway program. ,[],27,109
86,202620,CSCI,3101,Soc/Ethi/Prof Issues in Csci,202620-PHIL-2490,,,20799,1,01,L,Lec,1,3,,07-JAN-2026,09-APR-2026,,,T,,R,,,1435-1555,Studley KILLAM LIBRARY MACME,200,132,68,0,  66.0%,215,146,Fortney M. ,,,3,,[],28,109
87,202620,CSCI,3103,Law for Computer Scientists,,,,20800,1,01,L,Lec,1,3,,07-JAN-2026,09-APR-2026,,,,,R,,,1135-1425,Studley MONA CAMPBELL BUILDING 1107,30,21,9,,  70.0%,,,Rosborough A. ,,,3,,[],29,109
88,202620,CSCI,3110,Algorithms I,,,,20801,1,01,L,Lec,1,3,T0,07-JAN-2026,09-APR-2026,,,T,,R,,,1005-1125,Studley GOLDBERG COMPUTER SCIENCE BLDG 127,120,78,42,0,  65.0%,,,Wilde N. ,,,3,,[],30,109
89,202620,CSCI,3110,Algorithms I,,,,20802,1,T01,T,Tut,3,0,L0,07-JAN-2026,09-APR-2026,,,,,,F,,0835-0955,Studley GOLDBERG COMPUTER SCIENCE BLDG 127,120,78,42,0,  65.0%,,,Staff,,,0,,[],30,109
90,202620,CSCI,3120,Operating Systems,,,,20803,1,01,L,Lec,1,3,,07-JAN-2026,09-APR-2026,,,T,,R,,,0835-0955,Carleton TUPPER BLDG THTR B,150,117,33,0,  78.0%,,,Ye Q. ,,,3,,[],31,109
91,202620,CSCI,3130,Intro to Software Engineering,,,,20804,1,01,L,Lec,1,3,"B0, T0",07-JAN-2026,09-APR-2026,,,T,,R,,,1305-1425,Studley KILLAM LIBRARY MACME,150,137,13,0,  91.3%,,,Rahman M. ,,,3,,[],32,109
92,202620,CSCI,3130,Intro to Software Engineering,,,,20805,1,B01,B,Lab,2,0,"L0, T0",07-JAN-2026,09-APR-2026,,M,,W,,,,1605-1725,Studley MONA CAMPBELL BUILDING 1201,50,45,5,0,  90.0%,,,Staff,,,0,,[],32,109
93,202620,CSCI,3130,Intro to Software Engineering,,,,20806,1,B02,B,Lab,2,0,"L0, T0",07-JAN-2026,09-APR-2026,,M,,W,,,,1605-1725,Studley GOLDBERG COMPUTER SCIENCE BLDG 134,50,47,3,0,  94.0%,,,Staff,,,0,,[],32,109
94,202620,CSCI,3130,Intro to Software Engineering,,,,20807,1,B03,B,Lab,2,0,"L0, T0",07-JAN-2026,09-APR-2026,,M,,W,,,,1605-1725,Studley GOLDBERG COMPUTER SCIENCE BLDG 143,50,45,5,0,  90.0%,,,Staff,,,0,,[],32,109
95,202620,CSCI,3130,Intro to Software Engineering,,,,20808,1,T01,T,Tut,3,0,"L0, B0",07-JAN-2026,09-APR-2026,,M,,,,,,1305-1425,Studley CHEMISTRY 125,150,137,13,0,  91.3%,,,Staff,,,0,,[],32,109
96,202620,CSCI,3137,Programming Languages,,,,20809,1,01,L,Lec,1,3,,07-JAN-2026,09-APR-2026,,,T,,R,,,1005-1125,Carleton TUPPER BLDG THTR B,180,180,0,-3,WLIST,,,Jahan S. ,,,3,,[],33,109
97,202620,CSCI,3151,Foundations  of Machine Learn.,,,,20810,1,01,L,Lec,1,3,,07-JAN-2026,09-APR-2026,,,T,,R,,,1005-1125,Studley LSC-COMMON AREA C208,50,17,33,,  34.0%,,,Rudzicz F. ,,,3,,[],34,109
98,202620,CSCI,3152,Found. of Machine Learn. II,,,,20812,1,01,L,Lec,1,3,T0,07-JAN-2026,09-APR-2026,,,T,,R,,,1605-1725,Studley MCCAIN ARTS&SS 2162,36,8,28,,  22.2%,,,Rajendran J. ,,,3,,[],35,109
99,202620,CSCI,3152,Found. of Machine Learn. II,,,,20813,1,T01,T,Tut,3,0,L0,07-JAN-2026,09-APR-2026,,,,,,F,,1305-1425,Studley GOLDBERG COMPUTER SCIENCE BLDG 134,36,8,28,,  22.2%,,,Staff,,,0,,[],35,109
100,202620,CSCI,3160,Designing User Interfaces,,,,20814,1,01,L,Lec,1,3,B0,07-JAN-2026,09-APR-2026,,M,,,,,,0835-1125,Studley KILLAM LIBRARY 2600,OPEN (48)<br> APCS  (80),38<br>29,10<br>51,0<br>,  52.3%,,,MacKay B. ,,,3,,[],36,109
101,202620,CSCI,3160,Designing User Interfaces,,,,20815,1,B01,B,Lab,2,0,L0,07-JAN-2026,09-APR-2026,,,,W,,,,0835-1025,Studley KILLAM LIBRARY 2600,128,67,61,0,  52.3%,,,Staff,,,0,,[],36,109
102,202620,CSCI,3162,Digital Media,,,,20816,1,01,L,Lec,1,3,B0,07-JAN-2026,09-APR-2026,,,T,,R,,,0835-0955,Studley MONA CAMPBELL BUILDING 1201,50,17,33,,  34.0%,,,Arnold D. ,,,3,,[],37,109
103,202620,CSCI,3162,Digital Media,,,,20817,1,B01,B,Lab,2,0,L0,07-JAN-2026,09-APR-2026,,,,,,F,,1305-1425,Studley MONA CAMPBELL BUILDING 1201,50,17,33,,  34.0%,,,Staff,,,0,,[],37,109
104,202620,CSCI,3171,Network Computing,,,,20818,1,01,L,Lec,1,3,B0,07-JAN-2026,09-APR-2026,,,T,,R,,,0835-0955,Studley GOLDBERG COMPUTER SCIENCE BLDG 127,120,106,14,0,  88.3%,,,Lahoud S. ,,,3,,[],38,109
105,202620,CSCI,3171,Network Computing,,,,20819,1,B01,B,Lab,2,0,L0,07-JAN-2026,09-APR-2026,,M,,,,,,1135-1255,Studley GOLDBERG COMPUTER SCIENCE BLDG 143,60,57,3,0,  95.0%,,,Staff,,,0,,[],38,109
106,202620,CSCI,3171,Network Computing,,,,20820,1,B02,B,Lab,2,0,L0,07-JAN-2026,09-APR-2026,,M,,,,,,1135-1255,Studley GOLDBERG COMPUTER SCIENCE BLDG 134,60,49,11,0,  81.7%,,,Staff,,,0,,[],38,109
107,202620,CSCI,3172,Web-Centric Computing,,,,20821,1,01,L,Lec,1,3,B0,07-JAN-2026,09-APR-2026,,,,W,,F,,1435-1555,Carleton DENTISTRY 3156,120,84,36,0,  70.0%,,,Mosquera G. ,,,3,,[],39,109
108,202620,CSCI,3172,Web-Centric Computing,,,,20822,1,B01,B,Lab,2,0,L0,07-JAN-2026,09-APR-2026,,M,,,,,,1435-1555,Studley GOLDBERG COMPUTER SCIENCE BLDG 134,60,60,0,0,WLIST,,,Staff,,,0,,[],39,109
109,202620,CSCI,3172,Web-Centric Computing,,,,20823,1,B02,B,Lab,2,0,L0,07-JAN-2026,09-APR-2026,,M,,,,,,1735-1855,Studley GOLDBERG COMPUTER SCIENCE BLDG 143,60,24,36,0,  40.0%,,,Staff,,,0,,[],39,109
110,202620,CSCI,3691,Intermediate Project,,,,20824,1,01,L,Lec,1,3,,07-JAN-2026,09-APR-2026,,,,W,,F,,1135-1255,Carleton COLLABORATIVE HEALTH EDUC BLDG C170,60,43,17,-4,  71.7%,200,156,Dey S. (P)<br>Wehbe R. ,,,3,,[],40,109
111,202620,CSCI,4101,Privacy & Access IT Prof,,,R ,20825,1,01,L,Lec,1,3,,07-JAN-2026,09-APR-2026,,,T,,R,,,1605-1725,Studley MCCAIN ARTS&SS 1170,26,9,17,,  34.6%,36,10,Heggie C. ,,,3,,[],41,109
112,202620,CSCI,4115,Topics in Graph Theory,202620-MATH-4330,,,24150,1,01,L,Lec,1,3,,07-JAN-2026,09-APR-2026,,M,,W,,F,,1235-1325,Studley LSC-COMMON AREA C220,5,5,0,,FULL,21,12,Brown J. ,,,3,,[],42,109
113,202620,CSCI,4116,Cryptography,202620-MATH-4116,,,20826,1,01,L,Lec,1,3,,07-JAN-2026,09-APR-2026,,M,,W,,F,,1035-1125,Studley SIR JAMES DUNN BUILDING 135,20,17,3,,  85.0%,70,38,Dilcher K. ,,,3,,[],43,109
114,202620,CSCI,4118,Algorithm Engineering,,,,20827,1,01,L,Lec,1,3,B0,07-JAN-2026,09-APR-2026,,,T,,R,,,1605-1725,Studley MCCAIN ARTS&SS 2176,25,20,5,,  80.0%,35,21,Whidden C. ,,,3,,[],44,109
115,202620,CSCI,4118,Algorithm Engineering,,,,20828,1,B01,B,Lab,2,0,L0,07-JAN-2026,09-APR-2026,,,,,,F,,1005-1125,Studley MONA CAMPBELL BUILDING 1201,25,20,5,,  80.0%,35,21,Staff,,,0,,[],44,109
116,202620,CSCI,4130,Applied ML for SE Applications,,,,20831,1,01,L,Lec,1,3,T0,07-JAN-2026,09-APR-2026,,,T,,,,,1435-1725,Studley MCCAIN ARTS&SS 1198,15,2,13,,  13.3%,30,12,Sharma T. ,,,3,,[],45,109
117,202620,CSCI,4130,Applied ML for SE Applications,,,,20832,1,T01,T,Tut,3,0,L0,07-JAN-2026,09-APR-2026,,M,,,,,,0835-0955,Studley MCCAIN ARTS&SS 2118,15,2,13,,  13.3%,30,12,Staff,,,0,,[],45,109
118,202620,CSCI,4144,Data Mining/Warehousing,,,,20835,1,01,L,Lec,1,3,,07-JAN-2026,09-APR-2026,,,T,,R,,,1435-1555,Studley LSC-COMMON AREA C242,115,108,7,-17,  93.9%,127,110,Ye Q. ,,,3,,[],46,109
119,202620,CSCI,4146,Process of Data Science,,,,24447,1,02,L,Lec,1,3,B0,07-JAN-2026,09-APR-2026,<br>,<br>,T<br>,<br>,<br>R,<br>,<br>,1435-1555<br>1435-1555,Studley GOLDBERG COMPUTER SCIENCE BLDG 143<br>Studley MONA CAMPBELL BUILDING 1201,25,2,23,,   8.0%,60,14,Oore S. ,,,3,,[],47,109
120,202620,CSCI,4146,Process of Data Science,,,,24448,1,B02,B,Lab,2,0,L0,07-JAN-2026,09-APR-2026,,M,,,,,,1005-1125,Studley KENNETH C ROWE MANAGEMENT 1014,25,2,23,,   8.0%,60,14,Staff,,,0,,[],47,109
121,202620,CSCI,4158,NLP with Deep Learning,,,,20838,1,01,L,Lec,1,3,,07-JAN-2026,09-APR-2026,,,T,,,,,1005-1255,Studley MONA CAMPBELL BUILDING 1201,35,20,15,,  57.1%,50,35,Sajjad H. ,,,3,,[],48,109
122,202620,CSCI,4163,Human-Computer Interaction,,,,20839,1,01,L,Lec,1,3,B0,07-JAN-2026,09-APR-2026,,,,W,,,,1435-1725,Studley KENNETH C ROWE MANAGEMENT 1009,60,65,-5,-2,WLIST,72,71,MacKay B. ,,,3,,[],49,109
123,202620,CSCI,4163,Human-Computer Interaction,,,,20840,1,B01,B,Lab,2,0,L0,07-JAN-2026,09-APR-2026,,,,,,F,,0935-1125,Studley KILLAM LIBRARY 2600,60,65,-5,-2,WLIST,72,71,Staff,,,0,,[],49,109
124,202620,CSCI,4166,Visualization,,,,20841,1,01,L,Lec,1,3,,07-JAN-2026,09-APR-2026,,,T,,R,,,1435-1555,Studley MCCAIN ARTS&SS 2162,20,17,3,,  85.0%,35,23,Brooks S. ,,,3,,[],50,109
125,202620,CSCI,4169,Usable Security and Privacy,,,,20842,1,01,L,Lec,1,3,B0,07-JAN-2026,09-APR-2026,,,T,,R,,,1605-1725,Studley KENNETH C ROWE MANAGEMENT 1007,55,48,7,,  87.3%,,,Sampangi R. ,,,3,,[],51,109
126,202620,CSCI,4169,Usable Security and Privacy,,,,20843,1,B01,B,Lab,2,0,L0,07-JAN-2026,09-APR-2026,,M,,,,,,1305-1425,Studley MONA CAMPBELL BUILDING 1201,55,48,7,,  87.3%,,,Staff,,,0,,[],51,109
127,202620,CSCI,4174,Network Security,,,,20844,1,01,L,Lec,1,3,,07-JAN-2026,09-APR-2026,,M,,W,,F,,1135-1225,Studley SIR JAMES DUNN BUILDING 117,170,157,13,,  92.4%,230,175,Sampalli S. ,,,3,,[],52,109
128,202620,CSCI,4176,Mobile Computing,,,,20845,1,01,L,Lec,1,3,B0,07-JAN-2026,09-APR-2026,,M,,W,,,,0835-0955,Studley GOLDBERG COMPUTER SCIENCE BLDG 127,75,56,19,,  74.7%,120,64,Shakeri H. ,,,3,,[],53,109
129,202620,CSCI,4176,Mobile Computing,,,,20846,1,B01,B,Lab,2,0,L0,07-JAN-2026,09-APR-2026,,,,,R,,,1135-1255,Studley GOLDBERG COMPUTER SCIENCE BLDG 134,40,37,3,,  92.5%,60,40,Staff,,,0,,[],53,109
130,202620,CSCI,4176,Mobile Computing,,,,20847,1,B02,B,Lab,2,0,L0,07-JAN-2026,09-APR-2026,,,,,,F,,1605-1725,Studley GOLDBERG COMPUTER SCIENCE BLDG 134,35,19,16,,  54.3%,60,24,Staff,,,0,,[],53,109
131,202620,CSCI,4177,Advanced Web Services,,,,20848,1,01,L,Lec,1,3,T0,07-JAN-2026,09-APR-2026,,,T,,R,,,1305-1425,Studley GOLDBERG COMPUTER SCIENCE BLDG 143,30,27,3,,  90.0%,60,30,Mosquera G. ,,,3,,[],54,109
132,202620,CSCI,4177,Advanced Web Services,,,,20849,1,T01,T,Tut,3,0,L0,07-JAN-2026,09-APR-2026,,,,,,F,,1305-1425,Studley GOLDBERG COMPUTER SCIENCE BLDG 143,30,27,3,,  90.0%,60,30,Staff,,,0,,[],54,109
133,202620,CSCI,4179,Intelligent Wireless Networks,,,,20850,1,01,L,Lec,1,3,,07-JAN-2026,09-APR-2026,,,T,,R,,,1435-1555,Studley HENRY HICKS ACADEMIC ADMIN 212,35,27,8,,  77.1%,50,30,Tang Y. ,,,3,,[],55,109
134,202620,CSCI,4181,Bioinformatics Algorithms,,,,20851,1,01,L,Lec,1,3,,07-JAN-2026,09-APR-2026,,M,,W,,,,1435-1555,Studley MCCAIN ARTS&SS 2176,20,10,10,,  50.0%,30,12,Maguire F. ,,,3,,[],56,109
135,202620,CSCI,4190,Spec Topics-Computer Science,,,,24487,1,01,L,Lec,1,3,,07-JAN-2026,09-APR-2026,,M,,,,,,1735-2025,Studley MCCAIN ARTS&SS 1116,20,2,18,,  10.0%,30,12,Oore S. ,,,3,The topic of this course is AI & Creativity ,[],57,109
136,202620,CSCI,4192,Directed Studies,,,S R ,20852,1,01,L,Lec,1,3,,07-JAN-2026,09-APR-2026,,,,,,,,C/D,Consult Department,15,10,5,,  66.7%,,,Arnold D. ,,,3,,[],58,109
137,202620,CSCI,4193,Technology Innovation,,,,20853,1,01,L,Lec,1,3,,07-JAN-2026,09-APR-2026,,,T,,,,,1435-1725,Studley KENNETH C ROWE MANAGEMENT 1014,30,15,15,,  50.0%,60,15,Cochran A. ,,,3,,[],59,109
138,202620,CSCI,4194,Spec Topics-Computer Science,,,S ,24490,1,01,L,Lec,1,3,T0,07-JAN-2026,09-APR-2026,,,T,,R,,,0835-0955,Carleton TUPPER BLDG 14B02,20,1,19,,   5.0%,30,12,Oore S. ,,,3,Please contact the instructor (sageev@dal.ca) for registration permission. ,[],60,109
139,202620,CSCI,4194,Spec Topics-Computer Science,,,,24491,1,T01,T,Tut,3,0,L0,07-JAN-2026,09-APR-2026,,M,,,,,,1435-1555,Studley MCCAIN ARTS&SS 2017,20,1,19,,   5.0%,30,12,Oore S. ,,,0,,[],60,109
140,202620,CSCI,4260,Persuasive Computing Design,,,,24378,1,01,L,Lec,1,3,B0,07-JAN-2026,09-APR-2026,,,,,,F,,1435-1725,Studley MCCAIN ARTS&SS 2116,18,2,16,,  11.1%,36,11,Oyebode O. ,,,3,,[],61,109
141,202620,CSCI,4260,Persuasive Computing Design,,,,24379,1,B01,B,Lab,2,0,L0,07-JAN-2026,09-APR-2026,,,,,R,,,1005-1125,Studley GOLDBERG COMPUTER SCIENCE BLDG 143,18,2,16,,  11.1%,36,11,Staff,,,0,,[],61,109
142,202620,CSCI,4271,Programmable Net Sys & Sec,,,,24369,1,01,L,Lec,1,3,,07-JAN-2026,09-APR-2026,,,T,,R,,,0835-0955,Studley MCCAIN ARTS&SS 1170,25,24,1,,  96.0%,,,Haque I. ,,,3,,[],62,109
143,202620,CSCI,4691,Advanced Project,,,,20854,1,01,L,Lec,1,3,,07-JAN-2026,09-APR-2026,,,,W,,F,,1135-1255,Carleton COLLABORATIVE HEALTH EDUC BLDG C170,60,48,12,0,  80.0%,200,156,Dey S. (P)<br>Wehbe R. ,,,3,,[],63,109
144,202620,CSCI,5001,Privacy & IT,,,R ,24108,2,02,L,Lec,1,3,T0,07-JAN-2026,09-APR-2026,,,T,,R,,,1605-1725,Studley MCCAIN ARTS&SS 1170,10,1,9,,  10.0%,36,10,Heggie C. ,,,3,,[],64,109
145,202620,CSCI,5001,Privacy & IT,,,,24109,2,T02,T,Tut,3,0,L0,07-JAN-2026,09-APR-2026,,,,,,F,,1135-1255,Studley GOLDBERG COMPUTER SCIENCE BLDG 134,20,1,19,,   5.0%,,,Staff,,,0,,[],64,109
146,202620,CSCI,5100,Communicating Comp Sci Ideas,,,R ,23271,2,01,L,Lec,1,3,,07-JAN-2026,09-APR-2026,,,,W,,,,1135-1425,Studley MCCAIN ARTS&SS 2170,20,6,14,0,  30.0%,,,Cochran A. ,,,3,,[],65,109
147,202620,CSCI,5193,Technology Innovation,,,R ,23272,2,01,L,Lec,1,3,,07-JAN-2026,09-APR-2026,,,T,,,,,1435-1725,Studley KENNETH C ROWE MANAGEMENT 1014,30,0,30,,   0.0%,60,15,Cochran A. ,,,3,,[],66,109
148,202620,CSCI,5308,Adv Topics in Software Develop,,,R ,23273,2,01,L,Lec,1,3,T0,07-JAN-2026,09-APR-2026,,,,,R,,,1435-1725,Studley GOLDBERG COMPUTER SCIENCE BLDG 143,60,14,46,0,  23.3%,,,Sharma T. ,,,3,,[],67,109
149,202620,CSCI,5308,Adv Topics in Software Develop,,,R ,23274,2,T01,T,Tut,3,0,L0,07-JAN-2026,09-APR-2026,,,,,,F,,1435-1555,Studley GOLDBERG COMPUTER SCIENCE BLDG 134,60,14,46,0,  23.3%,,,Staff,,,0,,[],67,109
150,202620,CSCI,5408,"Data Mgmt, Warhsng Analytics",,,R ,23275,2,01,L,Lec,1,3,B0,07-JAN-2026,09-APR-2026,,,T,,R,,,1005-1125,Studley MCCAIN ARTS&SS 2116,36,14,22,0,  38.9%,,,Dey S. ,,,3,,[],68,109
151,202620,CSCI,5408,"Data Mgmt, Warhsng Analytics",,,,23276,2,B01,B,Lab,2,0,L0,07-JAN-2026,09-APR-2026,,,,,,F,,1135-1255,Studley GOLDBERG COMPUTER SCIENCE BLDG 143,36,14,22,0,  38.9%,,,Staff,,,0,,[],68,109
152,202620,CSCI,5409,Adv Topic in Cloud Computing,,,R ,23277,2,01,L,Lec,1,3,T0,07-JAN-2026,09-APR-2026,,M,,W,,,,1605-1725,Studley MCCAIN ARTS&SS 2170,36,27,9,,  75.0%,,,Yang L. ,,,3,,[],69,109
153,202620,CSCI,5409,Adv Topic in Cloud Computing,,,,23278,2,T01,T,Tut,3,0,L0,07-JAN-2026,09-APR-2026,,,,,,F,,0835-0955,Studley MCCAIN ARTS&SS 2170,36,27,9,,  75.0%,,,Staff,,,0,,[],69,109
154,202620,CSCI,5410,Serverless Data Processing,,,R ,23279,2,01,L,Lec,1,3,,07-JAN-2026,09-APR-2026,,M,,,,F,,1005-1125,Studley MCCAIN ARTS&SS 1170,30,16,14,,  53.3%,,,Dey S. ,,,3,,[],70,109
155,202620,CSCI,5708,Mobile Computing,,,R ,23281,2,01,L,Lec,1,3,B0,07-JAN-2026,09-APR-2026,,M,,W,,,,0835-0955,Studley GOLDBERG COMPUTER SCIENCE BLDG 127,45,8,37,,  17.8%,120,64,Shakeri H. ,,,3,,[],71,109
156,202620,CSCI,5708,Mobile Computing,,,,23282,2,B01,B,Lab,2,0,L0,07-JAN-2026,09-APR-2026,,,,,R,,,1135-1255,Studley GOLDBERG COMPUTER SCIENCE BLDG 134,20,3,17,,  15.0%,60,40,Staff,,,0,,[],71,109
157,202620,CSCI,5708,Mobile Computing,,,,23283,2,B02,B,Lab,2,0,L0,07-JAN-2026,09-APR-2026,,,,,,F,,1605-1725,Studley GOLDBERG COMPUTER SCIENCE BLDG 134,25,5,20,,  20.0%,60,24,Staff,,,0,,[],71,109
158,202620,CSCI,5709,Adv. Topics in Web Development,,,R ,23284,2,01,L,Lec,1,3,T0,07-JAN-2026,09-APR-2026,,,T,,R,,,1305-1425,Studley GOLDBERG COMPUTER SCIENCE BLDG 143,30,3,27,,  10.0%,60,30,Mosquera G. ,,,3,,[],72,109
159,202620,CSCI,5709,Adv. Topics in Web Development,,,,23285,2,T01,T,Tut,3,0,L0,07-JAN-2026,09-APR-2026,,,,,,F,,1305-1425,Studley GOLDBERG COMPUTER SCIENCE BLDG 143,30,3,27,,  10.0%,60,30,Staff,,,0,,[],72,109
160,202620,CSCI,6105,Algorithm Engineering,,,R ,23286,2,01,L,Lec,1,3,B0,07-JAN-2026,09-APR-2026,,,T,,R,,,1605-1725,Studley MCCAIN ARTS&SS 2176,10,1,9,,  10.0%,35,21,Whidden C. ,,,3,,[],73,109
161,202620,CSCI,6105,Algorithm Engineering,,,,23287,2,B01,B,Lab,2,0,L0,07-JAN-2026,09-APR-2026,,,,,,F,,1005-1125,Studley MONA CAMPBELL BUILDING 1201,10,1,9,,  10.0%,35,21,Staff,,,0,,[],73,109
162,202620,CSCI,6314,Applied ML for SE Applications,,,R ,23290,2,01,L,Lec,1,3,T0,07-JAN-2026,09-APR-2026,,,T,,,,,1435-1725,Studley MCCAIN ARTS&SS 1198,15,10,5,,  66.7%,30,12,Sharma T. ,,,3,,[],74,109
163,202620,CSCI,6314,Applied ML for SE Applications,,,,23291,2,T01,T,Tut,3,0,L0,07-JAN-2026,09-APR-2026,,M,,,,,,0835-0955,Studley MCCAIN ARTS&SS 2118,15,10,5,,  66.7%,30,12,Staff,,,0,,[],74,109
164,202620,CSCI,6405,Data Mining & Data Warehousing,,,R ,23292,2,01,L,Lec,1,3,,07-JAN-2026,09-APR-2026,,,T,,R,,,1435-1555,Studley LSC-COMMON AREA C242,12,2,10,,  16.7%,127,110,Ye Q. ,,,3,,[],75,109
165,202620,CSCI,6406,Visualization,,,R ,23293,2,01,L,Lec,1,3,,07-JAN-2026,09-APR-2026,,,T,,R,,,1435-1555,Studley MCCAIN ARTS&SS 2162,15,6,9,,  40.0%,35,23,Brooks S. ,,,3,,[],76,109
166,202620,CSCI,6409,Process of Data Science,,,R ,24449,2,02,L,Lec,1,3,B1,07-JAN-2026,09-APR-2026,<br>,<br>,T<br>,<br>,<br>R,<br>,<br>,1435-1555<br>1435-1555,Studley GOLDBERG COMPUTER SCIENCE BLDG 143<br>Studley MONA CAMPBELL BUILDING 1201,35,12,23,,  34.3%,60,14,Oore S. ,,,3,,[],77,109
167,202620,CSCI,6409,Process of Data Science,,,,24450,2,B02,B,Lab,2,0,L1,07-JAN-2026,09-APR-2026,,M,,,,,,1005-1125,Studley KENNETH C ROWE MANAGEMENT 1014,35,12,23,,  34.3%,60,14,Staff,,,0,,[],77,109
168,202620,CSCI,6516,Deep Learning,,,S R ,23296,2,01,L,Lec,1,3,T0,07-JAN-2026,09-APR-2026,,,T,,R,,,0835-0955,Carleton TUPPER BLDG 14B02,10,11,-1,,FULL,30,12,Oore S. ,,,3,,[],78,109
169,202620,CSCI,6516,Deep Learning,,,,23297,2,T01,T,Tut,3,0,L0,07-JAN-2026,09-APR-2026,,M,,,,,,1435-1555,Studley MCCAIN ARTS&SS 2017,10,11,-1,,FULL,30,12,Oore S. ,,,0,,[],78,109
170,202620,CSCI,6519,Computational Cognitive Sci.,,,R ,23298,2,01,L,Lec,1,3,,07-JAN-2026,09-APR-2026,,,,,,F,,1135-1425,Studley MCCAIN ARTS&SS 2130,20,7,13,,  35.0%,,,Kryven M. ,,,3,,[],79,109
171,202620,CSCI,6520,NLP with Deep Learning,,,R ,24255,2,01,L,Lec,1,3,,07-JAN-2026,09-APR-2026,,,T,,,,,1005-1255,Studley MONA CAMPBELL BUILDING 1201,15,15,0,,FULL,50,35,Sajjad H. ,,,3,,[],80,109
172,202620,CSCI,6610,Human Computer Interaction,,,R ,23299,2,01,L,Lec,1,3,B0,07-JAN-2026,09-APR-2026,,,,W,,,,1435-1725,Studley KENNETH C ROWE MANAGEMENT 1009,12,6,6,,  50.0%,72,71,MacKay B. ,,,3,,[],81,109
173,202620,CSCI,6610,Human Computer Interaction,,,,23300,2,B01,B,Lab,2,0,L0,07-JAN-2026,09-APR-2026,,,,,,F,,0935-1125,Studley KILLAM LIBRARY 2600,12,6,6,,  50.0%,72,71,Staff,,,0,,[],81,109
174,202620,CSCI,6611,Persuasive Computing Design,,,R ,24380,2,01,L,Lec,1,3,B0,07-JAN-2026,09-APR-2026,,,,,,F,,1435-1725,Studley MCCAIN ARTS&SS 2116,18,9,9,,  50.0%,36,11,Oyebode O. ,,,3,,[],82,109
175,202620,CSCI,6611,Persuasive Computing Design,,,,24381,2,B01,B,Lab,2,0,L0,07-JAN-2026,09-APR-2026,,,,,R,,,1005-1125,Studley GOLDBERG COMPUTER SCIENCE BLDG 143,18,9,9,,  50.0%,36,11,Staff,,,0,,[],82,109
176,202620,CSCI,6708,Adv Topics in Network Security,,,R ,23301,2,01,L,Lec,1,3,,07-JAN-2026,09-APR-2026,,M,,W,,F,,1135-1225,Studley SIR JAMES DUNN BUILDING 117,60,18,42,,  30.0%,230,175,Sampalli S. ,,,3,,[],83,109
177,202620,CSCI,6709,Software Defined Networking,,,R ,23302,2,01,L,Lec,1,3,,07-JAN-2026,09-APR-2026,,,T,,R,,,0835-0955,Studley MCCAIN ARTS&SS 1170,10,5,5,,  50.0%,,,Haque I. ,,,3,,[],84,109
178,202620,CSCI,6711,Intelligent Wireless Net & Sys,,,R ,23303,2,01,L,Lec,1,3,,07-JAN-2026,09-APR-2026,,,T,,R,,,1435-1555,Studley HENRY HICKS ACADEMIC ADMIN 212,15,3,12,,  20.0%,50,30,Tang Y. ,,,3,,[],85,109
179,202620,CSCI,6802,Bioinformatics Algorithms,,,R ,23304,2,01,L,Lec,1,3,,07-JAN-2026,09-APR-2026,,M,,W,,,,1435-1555,Studley MCCAIN ARTS&SS 2176,10,2,8,,  20.0%,30,12,Maguire F. ,,,3,,[],86,109
180,202620,CSCI,6901,Directed Studies,,,S R ,23307,2,01,L,Lec,1,3,,07-JAN-2026,09-APR-2026,,,,,,,,C/D,Consult Department,10,0,10,,   0.0%,,,Heywood M. ,,,3,,[],87,109
181,202620,CSCI,6902,Doctoral Directed Studies,,,S R ,23308,2,01,L,Lec,1,3,,07-JAN-2026,09-APR-2026,,,,,,,,C/D,Consult Department,10,6,4,,  60.0%,,,Heywood M. ,,,3,,[],88,109
182,202620,CSCI,6904,Spec Grad Topics in Comp Sci,,,R ,24488,2,01,L,Lec,1,3,,07-JAN-2026,09-APR-2026,,M,,,,,,1735-2025,Studley MCCAIN ARTS&SS 1116,10,10,0,,FULL,30,12,Oore S. ,,,3,The topic of this course is AI & Creativity ,[],89,109
183,202620,CSCI,6998,Graduate Research Seminars 1,,,R ,23309,2,01,L,Lec,1,0,,07-JAN-2026,09-APR-2026,,,T,,R,,,1135-1255,Studley GOLDBERG COMPUTER SCIENCE BLDG 127,65,26,39,,  40.0%,120,68,Heywood M. ,,,0,For Master of Computer Science students who started in September 2024 or later. ,[],90,109
184,202620,CSCI,6999,Research Sem Computer Science,,,R ,23310,2,01,L,Lec,1,0,,07-JAN-2026,09-APR-2026,,,T,,R,,,1135-1255,Studley GOLDBERG COMPUTER SCIENCE BLDG 127,55,42,13,,  76.4%,120,68,Heywood M. ,,,0,For PhD students and Master of Computer Science students who started before September 2024. ,[],91,109
185,202620,CSCI,7900,Directed Research Project,,,R ,23311,2,01,L,Lec,1,6,,07-JAN-2026,09-APR-2026,,,,,,,,C/D,Consult Department,75,29,46,,  38.7%,,,Heywood M. ,,,6,,[],92,109
186,202620,CSCI,7901,Doctoral Thesis Proposal,,,,23312,2,01,S,Ths,8,0,,07-JAN-2026,09-APR-2026,,,,,,,,C/D,Consult Department,100,30,70,,  30.0%,,,Heywood M. ,,,0,,[],93,109
187,202620,CSCI,8799,Work Term,,,S ,20855,1,01,W,WkT,8,0,,07-JAN-2026,09-APR-2026,,,,,,,,C/D,Consult Department,50,2,48,,   4.0%,,,Heggie C. ,,,0,,[],94,109
188,202620,CSCI,8873,Honours Seminar,,,S ,20856,1,01,L,Lec,1,3,,07-JAN-2026,09-APR-2026,,,,,,,,C/D,Consult Department,20,8,12,,  40.0%,,,Arnold D. ,,,3,,[],95,109
189,202620,CSCI,8874,Research Project 1,,,S R ,20857,1,01,L,Lec,1,3,,07-JAN-2026,09-APR-2026,,,,,,,,C/D,Consult Department,10,0,10,,   0.0%,,,Fleming J. ,,,3,,[],96,109
190,202620,CSCI,8875,Research Project 2,,,S R ,20858,1,01,L,Lec,1,3,,07-JAN-2026,09-APR-2026,,,,,,,,C/D,Consult Department,10,0,10,,   0.0%,,,Fleming J. ,,,3,,[],97,109
191,202620,CSCI,8890,Co-op Seminar,,,S R ,20859,1,01,L,Lec,1,0,,07-JAN-2026,09-APR-2026,,,,,,,,C/D,Consult Department,250,0,250,,   0.0%,,,Staff,,,0,,[],98,109
192,202620,CSCI,8891,Co-op Work Term 1,,,R ,20860,1,01,W,WkT,8,1,,07-JAN-2026,09-APR-2026,,,,,,,,C/D,Consult Department,150,35,115,,  23.3%,,,Heggie C. ,,,0,,[],99,109
193,202620,CSCI,8892,Co-op Work Term 2,,,R ,20861,1,01,W,WkT,8,1,,07-JAN-2026,09-APR-2026,,,,,,,,C/D,Consult Department,150,71,79,,  47.3%,,,Heggie C. ,,,0,,[],100,109
194,202620,CSCI,8893,Co-op Work Term 3,,,R ,20862,1,01,W,WkT,8,1,,07-JAN-2026,09-APR-2026,,,,,,,,C/D,Consult Department,150,28,122,,  18.7%,,,Heggie C. ,,,0,,[],101,109
195,202620,CSCI,8894,Co-op Work Term 4,,,S ,20863,1,01,W,WkT,8,0,,07-JAN-2026,09-APR-2026,,,,,,,,C/D,Consult Department,10,2,8,,  20.0%,,,Goudreault M. ,,,0,,[],102,109
196,202620,CSCI,9000,Master's Thesis,,,R ,23313,2,01,S,Ths,8,0,,07-JAN-2026,09-APR-2026,,,,,,,,C/D,Consult Department,100,37,63,,  37.0%,,,Heywood M. ,,,0,,[],103,109
197,202620,CSCI,9100,Industrial Internship,,,R ,23314,2,01,I,Int,8,3,,07-JAN-2026,09-APR-2026,,,,,,,,C/D,Consult Department,150,31,119,,  20.7%,,,Dey S. ,,,3,,[],104,109
198,202620,CSCI,9200,Entrepreneurial Internship,,,R ,23315,2,01,L,Lec,1,3,,07-JAN-2026,09-APR-2026,,,,,,,,C/D,Consult Department,15,0,15,,   0.0%,,,Dey S. ,,,3,,[],105,109
199,202620,CSCI,9301,Research Project 1,,,S R ,23316,2,01,L,Lec,1,3,,07-JAN-2026,09-APR-2026,,,,,,,,C/D,Consult Department,50,10,40,,  20.0%,,,Dey S. ,,,3,,[],106,109
200,202620,CSCI,9302,Research Project 2,,,S R ,23317,2,01,L,Lec,1,3,,07-JAN-2026,09-APR-2026,,,,,,,,C/D,Consult Department,50,0,50,,   0.0%,,,Dey S. ,,,3,,[],107,109
201,202620,CSCI,9530,Doctoral Thesis,,,R ,23318,2,01,S,Ths,8,0,,07-JAN-2026,09-APR-2026,,,,,,,,C/D,Consult Department,60,27,33,,  45.0%,,,Heywood M. ,,,0,,[],108,109
202,202620,CSCI,9890,Internship Preparation,,,R ,23319,2,01,L,Lec,1,0,,07-JAN-2026,09-APR-2026,,,,,,,,C/D,Online-ASYNCHRONOUS SESSION,150,19,131,,  12.7%,,,Lodge C. ,,,0,,[],109,109
